pagina,sezione,etichetta_pdf,casella_pdf,tipo,x,y,larghezza,altezza,dato_app,stato,nota,decisione_utente,nota_utente
1,Identità,Nome,text_1bvpa,Text,31.0,17.0,212.0,11.0,name,associato,,,
1,Identità,Livello,text_7yafp,Text,266.0,25.0,21.0,20.0,sheet.livello,associato,,,
1,Combattimento,PF correnti,text_10ijob,Text,381.0,28.0,44.0,42.0,sheet.puntiFerita,associato,,,
1,Combattimento,PF temporanei,text_12lwrl,Text,439.0,28.0,40.0,20.0,,dato_mancante,,,
1,Combattimento,Dadi vita spesi,text_13haen,Text,493.0,28.0,36.0,20.0,,dato_mancante,,,
1,Combattimento,Classe armatura,text_9uxzc,Text,321.0,33.0,34.0,27.0,sheet.classeArmatura,associato,,,
1,Identità,Background,text_2muun,Text,31.0,39.0,105.0,11.0,sheet.background,associato,,,
1,Identità,Classe,text_4ewvf,Text,153.0,39.0,90.0,11.0,sheet.classe,associato,,,
1,Combattimento,Tiri salvezza contro la morte,checkbox_15ydbd,CheckBox,543.0,42.0,5.0,5.0,,dato_mancante,Successi/fallimenti non presenti nell'app.,,
1,Combattimento,Tiri salvezza contro la morte,checkbox_16ggsl,CheckBox,554.0,42.0,5.0,5.0,,dato_mancante,Successi/fallimenti non presenti nell'app.,,
1,Combattimento,Tiri salvezza contro la morte,checkbox_17qjcw,CheckBox,566.0,42.0,5.0,5.0,,dato_mancante,Successi/fallimenti non presenti nell'app.,,
1,Identità,PE,text_8jnos,Text,262.0,55.0,29.0,12.0,sheet.puntiEsperienza,associato,,,
1,Combattimento,PF massimi,text_11bylu,Text,439.0,57.0,40.0,12.0,sheet.puntiFeritaMax,associato,,,
1,Combattimento,Dadi vita massimi,text_14gwb,Text,493.0,57.0,36.0,12.0,sheet.dadiVita,associato,,,
1,Identità,Specie,text_3xko,Text,31.0,60.0,105.0,11.0,sheet.specie,associato,,,
1,Identità,Sottoclasse,text_5stke,Text,152.0,60.0,90.0,11.0,,dato_mancante,,,
1,Combattimento,Tiri salvezza contro la morte,checkbox_18otvi,CheckBox,543.0,64.0,5.0,5.0,,dato_mancante,Successi/fallimenti non presenti nell'app.,,
1,Combattimento,Tiri salvezza contro la morte,checkbox_19ijtv,CheckBox,554.0,64.0,5.0,5.0,,dato_mancante,Successi/fallimenti non presenti nell'app.,,
1,Combattimento,Tiri salvezza contro la morte,checkbox_20mmav,CheckBox,566.0,64.0,5.0,5.0,,dato_mancante,Successi/fallimenti non presenti nell'app.,,
1,Combattimento,Scudo,checkbox_6gyer,CheckBox,337.0,73.0,6.0,6.0,sheet.scudo,associato,Spunta booleana dell?app.,,
1,Stato,Iniziativa,text_105wbkm,Text,246.0,129.0,35.0,21.0,sheet.iniziativa,associato,,,
1,Stato,Velocità,text_106qrog,Text,337.0,129.0,39.0,21.0,sheet.velocita,associato,,,
1,Stato,Taglia,text_107wxbz,Text,434.0,129.0,34.0,21.0,sheet.taglia,associato,,,
1,Stato,Percezione passiva,text_109fwux,Text,526.0,129.0,41.0,21.0,sheet.percezionePassiva,associato,,,
1,Stato,Bonus competenza,text_21ghmm,Text,46.0,132.0,24.0,37.0,sheet.bonusCompetenza,associato,,,
1,Intelligenza,Intelligenza · Modificatore,text_103zijp,Text,139.0,132.0,21.0,24.0,sheet.caratteristiche[abbr=INT].modificatore,associato,,,
1,Intelligenza,Intelligenza · Punteggio,text_104otsx,Text,170.0,141.0,21.0,18.0,sheet.caratteristiche[abbr=INT].valore,associato,,,
1,Intelligenza,Intelligenza · Tiro salvezza,text_110uxxr,Text,134.0,184.0,17.0,8.0,sheet.caratteristiche[abbr=INT].tsBonus,associato,,,
1,Intelligenza,Intelligenza · Competenza tiro salvezza,checkbox_32cobs,CheckBox,125.0,186.0,5.0,5.0,sheet.caratteristiche[abbr=INT].tsCompetente,associato,,,
1,Armi,Arma 1 · Nome,text_116yehc,Text,228.0,201.0,104.0,9.0,sheet.armi[0].nome,associato,Aggiungere xN al nome solo se la quantit? numerica ? maggiore di 1.,,
1,Armi,Arma 1 · Bonus att./CD,text_122sguq,Text,337.0,202.0,40.0,9.0,sheet.armi[0].bonus,associato,,,
1,Armi,Arma 1 · Danno e tipo,text_128qdxc,Text,385.0,202.0,72.0,9.0,sheet.armi[0].danno,associato,,,
1,Armi,Arma 1 · Note,text_134qewx,Text,462.0,202.0,123.0,9.0,sheet.armi[0].note,associato,Solo note dell?arma; gittata e provenienza solo nell?app.,,
1,Intelligenza,Arcano · Bonus,text_111dcoj,Text,134.0,203.0,17.0,8.0,sheet.abilita[nome=Arcano].bonus,associato,,,
1,Intelligenza,Arcano · Competenza,checkbox_33cozr,CheckBox,125.0,205.0,5.0,5.0,sheet.abilita[nome=Arcano].competente,associato,,,
1,Forza,Forza · Modificatore,text_22hqgb,Text,31.0,211.0,25.0,24.0,sheet.caratteristiche[abbr=FOR].modificatore,associato,,,
1,Intelligenza,Indagare · Bonus,text_112fkin,Text,134.0,217.0,17.0,8.0,sheet.abilita[nome=Indagare].bonus,associato,,,
1,Forza,Forza · Punteggio,text_23ceft,Text,63.0,218.0,22.0,17.0,sheet.caratteristiche[abbr=FOR].valore,associato,,,
1,Intelligenza,Indagare · Competenza,checkbox_34szgj,CheckBox,125.0,219.0,5.0,5.0,sheet.abilita[nome=Indagare].competente,associato,,,
1,Armi,Arma 2 · Nome,text_117mit,Text,228.0,222.0,104.0,9.0,sheet.armi[1].nome,associato,Aggiungere xN al nome solo se la quantit? numerica ? maggiore di 1.,,
1,Armi,Arma 2 · Bonus att./CD,text_123is,Text,337.0,222.0,40.0,9.0,sheet.armi[1].bonus,associato,,,
1,Armi,Arma 2 · Danno e tipo,text_129xnzb,Text,385.0,222.0,72.0,9.0,sheet.armi[1].danno,associato,,,
1,Armi,Arma 2 · Note,text_135itli,Text,462.0,222.0,123.0,9.0,sheet.armi[1].note,associato,Solo note dell?arma; gittata e provenienza solo nell?app.,,
1,Intelligenza,Natura · Bonus,text_113ystz,Text,134.0,231.0,17.0,8.0,sheet.abilita[nome=Natura].bonus,associato,,,
1,Intelligenza,Natura · Competenza,checkbox_35ftww,CheckBox,125.0,233.0,5.0,5.0,sheet.abilita[nome=Natura].competente,associato,,,
1,Armi,Arma 3 · Nome,text_118gmfk,Text,228.0,241.0,104.0,9.0,sheet.armi[2].nome,associato,Aggiungere xN al nome solo se la quantit? numerica ? maggiore di 1.,,
1,Armi,Arma 3 · Bonus att./CD,text_124bnkn,Text,337.0,241.0,40.0,9.0,sheet.armi[2].bonus,associato,,,
1,Armi,Arma 3 · Danno e tipo,text_130vllr,Text,385.0,241.0,72.0,9.0,sheet.armi[2].danno,associato,,,
1,Armi,Arma 3 · Note,text_136dqrx,Text,462.0,241.0,123.0,9.0,sheet.armi[2].note,associato,Solo note dell?arma; gittata e provenienza solo nell?app.,,
1,Intelligenza,Religione · Bonus,text_114pwql,Text,134.0,245.0,17.0,8.0,sheet.abilita[nome=Religione].bonus,associato,,,
1,Intelligenza,Religione · Competenza,checkbox_36qwgd,CheckBox,125.0,247.0,5.0,5.0,sheet.abilita[nome=Religione].competente,associato,,,
1,Intelligenza,Storia · Bonus,text_115ziph,Text,134.0,259.0,17.0,8.0,sheet.abilita[nome=Storia].bonus,associato,,,
1,Forza,Forza · Tiro salvezza,text_409knzd,Text,27.0,260.0,17.0,8.0,sheet.caratteristiche[abbr=FOR].tsBonus,associato,,,
1,Armi,Arma 4 · Nome,text_119ojch,Text,228.0,260.0,104.0,9.0,sheet.armi[3].nome,associato,Aggiungere xN al nome solo se la quantit? numerica ? maggiore di 1.,,
1,Armi,Arma 4 · Bonus att./CD,text_125bfvp,Text,337.0,260.0,40.0,9.0,sheet.armi[3].bonus,associato,,,
1,Armi,Arma 4 · Danno e tipo,text_131kkhf,Text,385.0,260.0,72.0,9.0,sheet.armi[3].danno,associato,,,
1,Armi,Arma 4 · Note,text_137npjb,Text,462.0,260.0,123.0,9.0,sheet.armi[3].note,associato,Solo note dell?arma; gittata e provenienza solo nell?app.,,
1,Intelligenza,Storia · Competenza,checkbox_37ohld,CheckBox,125.0,261.0,5.0,5.0,sheet.abilita[nome=Storia].competente,associato,,,
1,Forza,Forza · Competenza tiro salvezza,checkbox_25zblc,CheckBox,19.0,263.0,5.0,5.0,sheet.caratteristiche[abbr=FOR].tsCompetente,associato,,,
1,Forza,Atletica · Bonus,text_410qdvv,Text,28.0,280.0,17.0,8.0,sheet.abilita[nome=Atletica].bonus,associato,,,
1,Armi,Arma 5 · Nome,text_120gfbg,Text,228.0,280.0,104.0,9.0,sheet.armi[4].nome,associato,Aggiungere xN al nome solo se la quantit? numerica ? maggiore di 1.,,
1,Armi,Arma 5 · Bonus att./CD,text_126rbcz,Text,337.0,280.0,40.0,9.0,sheet.armi[4].bonus,associato,,,
1,Armi,Arma 5 · Danno e tipo,text_132mupd,Text,385.0,280.0,72.0,9.0,sheet.armi[4].danno,associato,,,
1,Armi,Arma 5 · Note,text_138anqp,Text,462.0,280.0,123.0,9.0,sheet.armi[4].note,associato,Solo note dell?arma; gittata e provenienza solo nell?app.,,
1,Forza,Atletica · Competenza,checkbox_26doch,CheckBox,19.0,282.0,5.0,5.0,sheet.abilita[nome=Atletica].competente,associato,,,
1,Armi,Arma 6 · Nome,text_121tozn,Text,228.0,299.0,104.0,9.0,sheet.armi[5].nome,associato,Aggiungere xN al nome solo se la quantit? numerica ? maggiore di 1.,,
1,Armi,Arma 6 · Bonus att./CD,text_127haqc,Text,337.0,299.0,40.0,9.0,sheet.armi[5].bonus,associato,,,
1,Armi,Arma 6 · Danno e tipo,text_133zlza,Text,385.0,299.0,72.0,9.0,sheet.armi[5].danno,associato,,,
1,Armi,Arma 6 · Note,text_139xovx,Text,462.0,299.0,123.0,9.0,sheet.armi[5].note,associato,Solo note dell?arma; gittata e provenienza solo nell?app.,,
1,Saggezza,Saggezza · Modificatore,text_145edid,Text,139.0,306.0,23.0,27.0,sheet.caratteristiche[abbr=SAG].modificatore,associato,,,
1,Saggezza,Saggezza · Punteggio,text_146qyqu,Text,170.0,315.0,21.0,18.0,sheet.caratteristiche[abbr=SAG].valore,associato,,,
1,Destrezza,Destrezza · Modificatore,text_144aznw,Text,32.0,328.0,23.0,27.0,sheet.caratteristiche[abbr=DES].modificatore,associato,,,
1,Destrezza,Destrezza · Punteggio,text_147hyvj,Text,63.0,335.0,21.0,18.0,sheet.caratteristiche[abbr=DES].valore,associato,,,
1,Privilegi di classe,Privilegi di classe,textarea_140vxzv,Text,228.0,348.0,178.0,205.0,sheet.privilegi,associato,"Titolo e descrizione in ordine, poi seconda colonna; testo eccedente tagliato.",,
1,Privilegi di classe,Privilegi di classe,textarea_141pxvh,Text,408.0,348.0,180.0,205.0,sheet.privilegi,associato,"Titolo e descrizione in ordine, poi seconda colonna; testo eccedente tagliato.",,
1,Saggezza,Saggezza · Tiro salvezza,text_186wbon,Text,134.0,357.0,18.0,8.0,sheet.caratteristiche[abbr=SAG].tsBonus,associato,,,
1,Saggezza,Saggezza · Competenza tiro salvezza,checkbox_38bkbv,CheckBox,125.0,359.0,5.0,5.0,sheet.caratteristiche[abbr=SAG].tsCompetente,associato,,,
1,Saggezza,Addestrare animali · Bonus,text_185xgqx,Text,132.0,377.0,18.0,8.0,sheet.abilita[nome=Addestrare animali].bonus,associato,,,
1,Destrezza,Destrezza · Tiro salvezza,text_177msvr,Text,27.0,378.0,18.0,8.0,sheet.caratteristiche[abbr=DES].tsBonus,associato,,,
1,Saggezza,Addestrare animali · Competenza,checkbox_39edjm,CheckBox,125.0,379.0,5.0,5.0,sheet.abilita[nome=Addestrare animali].competente,associato,,,
1,Destrezza,Destrezza · Competenza tiro salvezza,checkbox_27nuse,CheckBox,19.0,380.0,5.0,5.0,sheet.caratteristiche[abbr=DES].tsCompetente,associato,,,
1,Saggezza,Intuizione · Bonus,text_184zlmf,Text,132.0,391.0,18.0,8.0,sheet.abilita[nome=Intuizione].bonus,associato,,,
1,Saggezza,Intuizione · Competenza,checkbox_40eiqp,CheckBox,125.0,393.0,5.0,5.0,sheet.abilita[nome=Intuizione].competente,associato,,,
1,Destrezza,Acrobazia · Bonus,text_178fqdh,Text,27.0,398.0,18.0,8.0,sheet.abilita[nome=Acrobazia].bonus,associato,,,
1,Destrezza,Acrobazia · Competenza,checkbox_28qywn,CheckBox,19.0,400.0,5.0,5.0,sheet.abilita[nome=Acrobazia].competente,associato,,,
1,Saggezza,Medicina · Bonus,text_183wfbd,Text,132.0,404.0,18.0,8.0,sheet.abilita[nome=Medicina].bonus,associato,,,
1,Saggezza,Medicina · Competenza,checkbox_41umnl,CheckBox,125.0,407.0,5.0,5.0,sheet.abilita[nome=Medicina].competente,associato,,,
1,Destrezza,Furtività · Bonus,text_179tipi,Text,27.0,412.0,18.0,8.0,sheet.abilita[nome=Furtività].bonus,associato,,,
1,Destrezza,Furtività · Competenza,checkbox_29htwh,CheckBox,19.0,414.0,5.0,5.0,sheet.abilita[nome=Furtività].competente,associato,,,
1,Saggezza,Percezione · Bonus,text_182zljl,Text,132.0,419.0,18.0,8.0,sheet.abilita[nome=Percezione].bonus,associato,,,
1,Saggezza,Percezione · Competenza,checkbox_42ovpy,CheckBox,125.0,421.0,5.0,5.0,sheet.abilita[nome=Percezione].competente,associato,,,
1,Destrezza,Rapidità di mano · Bonus,text_180cut,Text,27.0,426.0,18.0,8.0,sheet.abilita[nome=Rapidità di mano].bonus,associato,,,
1,Destrezza,Rapidità di mano · Competenza,checkbox_30oowo,CheckBox,19.0,428.0,5.0,5.0,sheet.abilita[nome=Rapidità di mano].competente,associato,,,
1,Saggezza,Sopravvivenza · Bonus,text_181kbmp,Text,132.0,433.0,18.0,8.0,sheet.abilita[nome=Sopravvivenza].bonus,associato,,,
1,Saggezza,Sopravvivenza · Competenza,checkbox_43erxn,CheckBox,125.0,435.0,5.0,5.0,sheet.abilita[nome=Sopravvivenza].competente,associato,,,
1,Costituzione,Costituzione · Modificatore,text_150ngnc,Text,31.0,475.0,23.0,27.0,sheet.caratteristiche[abbr=COS].modificatore,associato,,,
1,Carisma,Carisma · Modificatore,text_151enti,Text,138.0,480.0,23.0,27.0,sheet.caratteristiche[abbr=CAR].modificatore,associato,,,
1,Costituzione,Costituzione · Punteggio,text_149evrk,Text,63.0,482.0,21.0,18.0,sheet.caratteristiche[abbr=COS].valore,associato,,,
1,Carisma,Carisma · Punteggio,text_148chzt,Text,170.0,489.0,21.0,18.0,sheet.caratteristiche[abbr=CAR].valore,associato,,,
1,Costituzione,Costituzione · Tiro salvezza,text_152qqof,Text,27.0,525.0,18.0,8.0,sheet.caratteristiche[abbr=COS].tsBonus,associato,,,
1,Costituzione,Costituzione · Competenza tiro salvezza,checkbox_44vrce,CheckBox,19.0,527.0,5.0,5.0,sheet.caratteristiche[abbr=COS].tsCompetente,associato,,,
1,Carisma,Carisma · Tiro salvezza,text_153pxsx,Text,134.0,531.0,18.0,8.0,sheet.caratteristiche[abbr=CAR].tsBonus,associato,,,
1,Carisma,Carisma · Competenza tiro salvezza,checkbox_46wqrn,CheckBox,125.0,533.0,5.0,5.0,sheet.caratteristiche[abbr=CAR].tsCompetente,associato,,,
1,Carisma,Inganno · Bonus,text_154alsf,Text,134.0,551.0,18.0,8.0,sheet.abilita[nome=Inganno].bonus,associato,,,
1,Carisma,Inganno · Competenza,checkbox_47ndlr,CheckBox,125.0,553.0,5.0,5.0,sheet.abilita[nome=Inganno].competente,associato,,,
1,Carisma,Intimidire · Bonus,text_155rixm,Text,134.0,565.0,18.0,8.0,sheet.abilita[nome=Intimidire].bonus,associato,,,
1,Carisma,Intimidire · Competenza,checkbox_48qu,CheckBox,125.0,567.0,5.0,5.0,sheet.abilita[nome=Intimidire].competente,associato,,,
1,Carisma,Intrattenere · Bonus,text_156nrmn,Text,134.0,579.0,18.0,8.0,sheet.abilita[nome=Intrattenere].bonus,associato,,,
1,Carisma,Intrattenere · Competenza,checkbox_49ymyb,CheckBox,125.0,581.0,5.0,5.0,sheet.abilita[nome=Intrattenere].competente,associato,,,
1,Talenti,Talenti,textarea_143mcko,Text,411.0,589.0,176.0,169.0,sheet.talenti,associato,Nome e descrizione; testo eccedente tagliato.,,
1,Stato,Ispirazione eroica,checkbox_45gjcm,CheckBox,55.0,590.0,5.0,5.0,sheet.ispirazioneEroica,associato,Spunta booleana dell?app.,,
1,Tratti della specie,Tratti della specie,textarea_142hif,Text,228.0,590.0,162.0,169.0,,dato_mancante,Tratti della specie non presenti come dato separato; resta vuoto.,,
1,Carisma,Persuasione · Bonus,text_157ajko,Text,134.0,593.0,18.0,8.0,sheet.abilita[nome=Persuasione].bonus,associato,,,
1,Carisma,Persuasione · Competenza,checkbox_50agbk,CheckBox,125.0,595.0,5.0,5.0,sheet.abilita[nome=Persuasione].competente,associato,,,
1,Competenze,Armature leggere,checkbox_51cpcs,CheckBox,61.0,646.0,5.0,5.0,sheet.competenzeArmatura.leggere,associato,,,
1,Competenze,Armature medie,checkbox_52wg,CheckBox,95.0,646.0,5.0,5.0,sheet.competenzeArmatura.medie,associato,,,
1,Competenze,Armature pesanti,checkbox_53rdtr,CheckBox,139.0,646.0,5.0,5.0,sheet.competenzeArmatura.pesanti,associato,,,
1,Competenze,Armature scudi,checkbox_54cbdf,CheckBox,176.0,646.0,5.0,5.0,sheet.competenzeArmatura.scudi,associato,,,
1,Competenze,Armi,textarea_158mwcp,Text,19.0,667.0,187.0,51.0,sheet.competenzeArmi,associato,Unire la lista con virgole.,,
1,Competenze,Strumenti,textarea_159ihkz,Text,19.0,726.0,188.0,33.0,,dato_mancante,Competenza negli strumenti non presente come campo dedicato.,,
2,Personaggio,Aspetto,textarea_160fzkf,Text,412.0,33.0,176.0,69.0,,dato_mancante,,,
2,Incantatore,Modificatore da incantatore,text_196yjwp,Text,18.0,46.0,23.0,25.0,,dato_mancante,,,
2,Incantatore,CD tiro salvezza incantesimo,text_197erqt,Text,18.0,74.0,23.0,25.0,,dato_mancante,,,
2,Slot incantesimo,Livello 1 · Totali,text_187qof,Text,180.0,85.0,18.0,8.0,,dato_mancante,Slot non presenti nell'app.,,
2,Slot incantesimo,Livello 4 · Totali,text_192lmni,Text,268.0,85.0,18.0,8.0,,dato_mancante,Slot non presenti nell'app.,,
2,Slot incantesimo,Livello 7 · Totali,text_193hrzj,Text,346.0,85.0,18.0,8.0,,dato_mancante,Slot non presenti nell'app.,,
2,Slot incantesimo,Livello 1 · Slot speso,checkbox_56ogzq,CheckBox,210.0,87.0,5.0,5.0,,dato_mancante,Slot non presenti nell'app.,,
2,Slot incantesimo,Livello 1 · Slot speso,checkbox_57tgib,CheckBox,220.0,87.0,5.0,5.0,,dato_mancante,Slot non presenti nell'app.,,
2,Slot incantesimo,Livello 4 · Slot speso,checkbox_58chin,CheckBox,229.0,87.0,5.0,5.0,,dato_mancante,Slot non presenti nell'app.,,
2,Slot incantesimo,Livello 7 · Slot speso,checkbox_62ukiq,CheckBox,367.0,87.0,5.0,5.0,,dato_mancante,Slot non presenti nell'app.,,
2,Slot incantesimo,Livello 7 · Slot speso,checkbox_63qkkl,CheckBox,376.0,87.0,5.0,5.0,,dato_mancante,Slot non presenti nell'app.,,
2,Slot incantesimo,Livello 1 · Slot speso,checkbox_55adsn,CheckBox,200.0,88.0,5.0,5.0,,dato_mancante,Slot non presenti nell'app.,,
2,Slot incantesimo,Livello 4 · Slot speso,checkbox_59gcbe,CheckBox,288.0,88.0,5.0,5.0,,dato_mancante,Slot non presenti nell'app.,,
2,Slot incantesimo,Livello 4 · Slot speso,checkbox_60uyla,CheckBox,298.0,88.0,5.0,5.0,,dato_mancante,Slot non presenti nell'app.,,
2,Slot incantesimo,Livello 4 · Slot speso,checkbox_61xdem,CheckBox,308.0,88.0,5.0,5.0,,dato_mancante,Slot non presenti nell'app.,,
2,Slot incantesimo,Livello 2 · Spesi,text_188daut,Text,180.0,99.0,18.0,8.0,,dato_mancante,Slot non presenti nell'app.,,
2,Slot incantesimo,Livello 5 · Spesi,text_191yirr,Text,268.0,99.0,18.0,8.0,,dato_mancante,Slot non presenti nell'app.,,
2,Slot incantesimo,Livello 8 · Spesi,text_194eacv,Text,346.0,99.0,18.0,8.0,,dato_mancante,Slot non presenti nell'app.,,
2,Incantatore,Bonus attacco con incantesimo,text_198kvfg,Text,18.0,101.0,23.0,25.0,,dato_mancante,,,
2,Slot incantesimo,Livello 2 · Slot speso,checkbox_71nxgh,CheckBox,200.0,102.0,5.0,5.0,,dato_mancante,Slot non presenti nell'app.,,
2,Slot incantesimo,Livello 2 · Slot speso,checkbox_70tihb,CheckBox,210.0,102.0,5.0,5.0,,dato_mancante,Slot non presenti nell'app.,,
2,Slot incantesimo,Livello 2 · Slot speso,checkbox_69pgzg,CheckBox,220.0,102.0,5.0,5.0,,dato_mancante,Slot non presenti nell'app.,,
2,Slot incantesimo,Livello 5 · Slot speso,checkbox_68ra,CheckBox,288.0,102.0,5.0,5.0,,dato_mancante,Slot non presenti nell'app.,,
2,Slot incantesimo,Livello 5 · Slot speso,checkbox_67rpmh,CheckBox,298.0,102.0,5.0,5.0,,dato_mancante,Slot non presenti nell'app.,,
2,Slot incantesimo,Livello 5 · Slot speso,checkbox_66chho,CheckBox,308.0,102.0,5.0,5.0,,dato_mancante,Slot non presenti nell'app.,,
2,Slot incantesimo,Livello 8 · Slot speso,checkbox_64javh,CheckBox,367.0,102.0,5.0,5.0,,dato_mancante,Slot non presenti nell'app.,,
2,Slot incantesimo,Livello 6 · Spesi,text_190papy,Text,268.0,113.0,18.0,8.0,,dato_mancante,Slot non presenti nell'app.,,
2,Slot incantesimo,Livello 3 · Spesi,text_189wxtk,Text,180.0,114.0,18.0,8.0,,dato_mancante,Slot non presenti nell'app.,,
2,Slot incantesimo,Livello 9 · Spesi,text_195bsnw,Text,346.0,114.0,18.0,8.0,,dato_mancante,Slot non presenti nell'app.,,
2,Slot incantesimo,Livello 3 · Slot speso,checkbox_72ruou,CheckBox,200.0,116.0,5.0,5.0,,dato_mancante,Slot non presenti nell'app.,,
2,Slot incantesimo,Livello 3 · Slot speso,checkbox_73ozpp,CheckBox,210.0,116.0,5.0,5.0,,dato_mancante,Slot non presenti nell'app.,,
2,Slot incantesimo,Livello 3 · Slot speso,checkbox_74fqn,CheckBox,220.0,116.0,5.0,5.0,,dato_mancante,Slot non presenti nell'app.,,
2,Slot incantesimo,Livello 6 · Slot speso,checkbox_75wajv,CheckBox,288.0,116.0,5.0,5.0,,dato_mancante,Slot non presenti nell'app.,,
2,Slot incantesimo,Livello 6 · Slot speso,checkbox_76pbxh,CheckBox,298.0,116.0,5.0,5.0,,dato_mancante,Slot non presenti nell'app.,,
2,Slot incantesimo,Livello 9 · Slot speso,checkbox_65mgro,CheckBox,367.0,116.0,5.0,5.0,,dato_mancante,Slot non presenti nell'app.,,
2,Personaggio,Storia e tratti caratteriali,textarea_161skwq,Text,411.0,139.0,176.0,136.0,,dato_mancante,,,
2,Incantesimi,Incantesimo 1 · Livello,text_199ko,Text,18.0,177.0,19.0,15.0,sheet.incantesimi[0].livello,associato,,,
2,Incantesimi,Incantesimo 1 · Nome,text_229fsqu,Text,43.0,177.0,106.0,15.0,sheet.incantesimi[0].nome,associato,Il PDF ha 30 righe; verificare testo ed eccedenze.,,
2,Incantesimi,Incantesimo 1 · Tempo di lancio,text_322ldbz,Text,155.0,177.0,29.0,15.0,sheet.incantesimi[0].tempo,associato,,,
2,Incantesimi,Incantesimo 1 · Gittata,text_393tjoj,Text,189.0,177.0,38.0,15.0,sheet.incantesimi[0].gittata,associato,,,
2,Incantesimi,Incantesimo 1 · Note,text_409pdzx,Text,308.0,177.0,81.0,15.0,sheet.incantesimi[0].note,associato,,,
2,Incantesimi,Incantesimo 1 · Concentrazione,checkbox_77pvxl,CheckBox,241.0,182.0,5.0,5.0,sheet.incantesimi[0].concentrazione,associato,Spunta booleana dell?app; componenti testuali solo nell?app.,,
2,Incantesimi,Incantesimo 1 · Rituale,checkbox_78ttfv,CheckBox,262.0,182.0,5.0,5.0,sheet.incantesimi[0].rituale,associato,Spunta booleana dell?app; componenti testuali solo nell?app.,,
2,Incantesimi,Incantesimo 1 · Materiali,checkbox_79atpb,CheckBox,284.0,182.0,5.0,5.0,sheet.incantesimi[0].materiali,associato,Spunta booleana dell?app; componenti testuali solo nell?app.,,
2,Incantesimi,Incantesimo 2 · Livello,text_200lthc,Text,18.0,196.0,19.0,15.0,sheet.incantesimi[1].livello,associato,,,
2,Incantesimi,Incantesimo 2 · Nome,text_230kxhc,Text,43.0,196.0,106.0,15.0,sheet.incantesimi[1].nome,associato,Il PDF ha 30 righe; verificare testo ed eccedenze.,,
2,Incantesimi,Incantesimo 2 · Tempo di lancio,text_321syg,Text,155.0,196.0,29.0,15.0,sheet.incantesimi[1].tempo,associato,,,
2,Incantesimi,Incantesimo 2 · Gittata,text_392xbxt,Text,189.0,196.0,38.0,15.0,sheet.incantesimi[1].gittata,associato,,,
2,Incantesimi,Incantesimo 2 · Note,text_408dzue,Text,308.0,196.0,81.0,15.0,sheet.incantesimi[1].note,associato,,,
2,Incantesimi,Incantesimo 2 · Concentrazione,checkbox_80wsbe,CheckBox,241.0,202.0,5.0,5.0,sheet.incantesimi[1].concentrazione,associato,Spunta booleana dell?app; componenti testuali solo nell?app.,,
2,Incantesimi,Incantesimo 2 · Rituale,checkbox_323zqhk,CheckBox,262.0,202.0,5.0,5.0,sheet.incantesimi[1].rituale,associato,Spunta booleana dell?app; componenti testuali solo nell?app.,,
2,Incantesimi,Incantesimo 2 · Materiali,checkbox_324jkxk,CheckBox,284.0,202.0,5.0,5.0,sheet.incantesimi[1].materiali,associato,Spunta booleana dell?app; componenti testuali solo nell?app.,,
2,Incantesimi,Incantesimo 3 · Livello,text_201ytey,Text,18.0,215.0,19.0,15.0,sheet.incantesimi[2].livello,associato,,,
2,Incantesimi,Incantesimo 3 · Nome,text_231bhr,Text,43.0,215.0,106.0,15.0,sheet.incantesimi[2].nome,associato,Il PDF ha 30 righe; verificare testo ed eccedenze.,,
2,Incantesimi,Incantesimo 3 · Tempo di lancio,text_320asge,Text,155.0,215.0,29.0,15.0,sheet.incantesimi[2].tempo,associato,,,
2,Incantesimi,Incantesimo 3 · Gittata,text_391ghbu,Text,189.0,215.0,38.0,15.0,sheet.incantesimi[2].gittata,associato,,,
2,Incantesimi,Incantesimo 3 · Note,text_407cadk,Text,308.0,215.0,81.0,15.0,sheet.incantesimi[2].note,associato,,,
2,Incantesimi,Incantesimo 3 · Concentrazione,checkbox_81mqz,CheckBox,241.0,221.0,5.0,5.0,sheet.incantesimi[2].concentrazione,associato,Spunta booleana dell?app; componenti testuali solo nell?app.,,
2,Incantesimi,Incantesimo 3 · Rituale,checkbox_326auet,CheckBox,262.0,222.0,5.0,5.0,sheet.incantesimi[2].rituale,associato,Spunta booleana dell?app; componenti testuali solo nell?app.,,
2,Incantesimi,Incantesimo 3 · Materiali,checkbox_353cbne,CheckBox,284.0,222.0,5.0,5.0,sheet.incantesimi[2].materiali,associato,Spunta booleana dell?app; componenti testuali solo nell?app.,,
2,Incantesimi,Incantesimo 4 · Livello,text_202fdcj,Text,18.0,235.0,19.0,15.0,sheet.incantesimi[3].livello,associato,,,
2,Incantesimi,Incantesimo 4 · Nome,text_232zuxy,Text,43.0,235.0,106.0,15.0,sheet.incantesimi[3].nome,associato,Il PDF ha 30 righe; verificare testo ed eccedenze.,,
2,Incantesimi,Incantesimo 4 · Tempo di lancio,text_319ifsg,Text,155.0,235.0,29.0,15.0,sheet.incantesimi[3].tempo,associato,,,
2,Incantesimi,Incantesimo 4 · Gittata,text_390eewc,Text,189.0,235.0,38.0,15.0,sheet.incantesimi[3].gittata,associato,,,
2,Incantesimi,Incantesimo 4 · Note,text_406ifbs,Text,308.0,235.0,81.0,15.0,sheet.incantesimi[3].note,associato,,,
2,Incantesimi,Incantesimo 4 · Concentrazione,checkbox_82rftq,CheckBox,241.0,241.0,5.0,5.0,sheet.incantesimi[3].concentrazione,associato,Spunta booleana dell?app; componenti testuali solo nell?app.,,
2,Incantesimi,Incantesimo 4 · Rituale,checkbox_327cf,CheckBox,262.0,241.0,5.0,5.0,sheet.incantesimi[3].rituale,associato,Spunta booleana dell?app; componenti testuali solo nell?app.,,
2,Incantesimi,Incantesimo 4 · Materiali,checkbox_354dfhw,CheckBox,284.0,241.0,5.0,5.0,sheet.incantesimi[3].materiali,associato,Spunta booleana dell?app; componenti testuali solo nell?app.,,
2,Incantesimi,Incantesimo 5 · Livello,text_203qjpd,Text,18.0,253.0,19.0,15.0,sheet.incantesimi[4].livello,associato,,,
2,Incantesimi,Incantesimo 5 · Nome,text_233pqpb,Text,43.0,253.0,106.0,15.0,sheet.incantesimi[4].nome,associato,Il PDF ha 30 righe; verificare testo ed eccedenze.,,
2,Incantesimi,Incantesimo 5 · Tempo di lancio,text_318vtev,Text,155.0,253.0,29.0,15.0,sheet.incantesimi[4].tempo,associato,,,
2,Incantesimi,Incantesimo 5 · Gittata,text_389qsdf,Text,189.0,253.0,38.0,15.0,sheet.incantesimi[4].gittata,associato,,,
2,Incantesimi,Incantesimo 5 · Note,text_405kzkq,Text,308.0,253.0,81.0,15.0,sheet.incantesimi[4].note,associato,,,
2,Incantesimi,Incantesimo 5 · Concentrazione,checkbox_83gsbn,CheckBox,241.0,260.0,5.0,5.0,sheet.incantesimi[4].concentrazione,associato,Spunta booleana dell?app; componenti testuali solo nell?app.,,
2,Incantesimi,Incantesimo 5 · Rituale,checkbox_410qlew,CheckBox,262.0,260.0,5.0,5.0,sheet.incantesimi[4].rituale,associato,Spunta booleana dell?app; componenti testuali solo nell?app.,,
2,Incantesimi,Incantesimo 5 · Materiali,checkbox_422qygn,CheckBox,284.0,260.0,5.0,5.0,sheet.incantesimi[4].materiali,associato,Spunta booleana dell?app; componenti testuali solo nell?app.,,
2,Incantesimi,Incantesimo 6 · Livello,text_204n,Text,18.0,274.0,19.0,15.0,sheet.incantesimi[5].livello,associato,,,
2,Incantesimi,Incantesimo 6 · Nome,text_234mkrr,Text,43.0,274.0,106.0,15.0,sheet.incantesimi[5].nome,associato,Il PDF ha 30 righe; verificare testo ed eccedenze.,,
2,Incantesimi,Incantesimo 6 · Tempo di lancio,text_317xqwr,Text,155.0,274.0,29.0,15.0,sheet.incantesimi[5].tempo,associato,,,
2,Incantesimi,Incantesimo 6 · Gittata,text_388aawm,Text,189.0,274.0,38.0,15.0,sheet.incantesimi[5].gittata,associato,,,
2,Incantesimi,Incantesimo 6 · Note,text_404tyod,Text,308.0,274.0,81.0,15.0,sheet.incantesimi[5].note,associato,,,
2,Incantesimi,Incantesimo 6 · Concentrazione,checkbox_84efah,CheckBox,241.0,279.0,5.0,5.0,sheet.incantesimi[5].concentrazione,associato,Spunta booleana dell?app; componenti testuali solo nell?app.,,
2,Incantesimi,Incantesimo 6 · Rituale,checkbox_411ltcg,CheckBox,262.0,279.0,5.0,5.0,sheet.incantesimi[5].rituale,associato,Spunta booleana dell?app; componenti testuali solo nell?app.,,
2,Incantesimi,Incantesimo 6 · Materiali,checkbox_421caao,CheckBox,284.0,279.0,5.0,5.0,sheet.incantesimi[5].materiali,associato,Spunta booleana dell?app; componenti testuali solo nell?app.,,
2,Personaggio,Allineamento,text_163hfuq,Text,413.0,290.0,171.0,11.0,sheet.allineamento,associato,,,
2,Incantesimi,Incantesimo 7 · Livello,text_205rwdb,Text,18.0,293.0,19.0,15.0,sheet.incantesimi[6].livello,associato,,,
2,Incantesimi,Incantesimo 7 · Nome,text_235uktr,Text,43.0,293.0,106.0,15.0,sheet.incantesimi[6].nome,associato,Il PDF ha 30 righe; verificare testo ed eccedenze.,,
2,Incantesimi,Incantesimo 7 · Tempo di lancio,text_316icsf,Text,155.0,293.0,29.0,15.0,sheet.incantesimi[6].tempo,associato,,,
2,Incantesimi,Incantesimo 7 · Gittata,text_387lrni,Text,189.0,293.0,38.0,15.0,sheet.incantesimi[6].gittata,associato,,,
2,Incantesimi,Incantesimo 7 · Note,text_403luso,Text,308.0,293.0,81.0,15.0,sheet.incantesimi[6].note,associato,,,
2,Incantesimi,Incantesimo 7 · Concentrazione,checkbox_85xtsc,CheckBox,241.0,299.0,5.0,5.0,sheet.incantesimi[6].concentrazione,associato,Spunta booleana dell?app; componenti testuali solo nell?app.,,
2,Incantesimi,Incantesimo 7 · Rituale,checkbox_412mrgi,CheckBox,262.0,299.0,5.0,5.0,sheet.incantesimi[6].rituale,associato,Spunta booleana dell?app; componenti testuali solo nell?app.,,
2,Incantesimi,Incantesimo 7 · Materiali,checkbox_420xnkb,CheckBox,284.0,299.0,5.0,5.0,sheet.incantesimi[6].materiali,associato,Spunta booleana dell?app; componenti testuali solo nell?app.,,
2,Incantesimi,Incantesimo 8 · Livello,text_206oaou,Text,18.0,313.0,19.0,15.0,sheet.incantesimi[7].livello,associato,,,
2,Incantesimi,Incantesimo 8 · Nome,text_236cxsw,Text,43.0,313.0,106.0,15.0,sheet.incantesimi[7].nome,associato,Il PDF ha 30 righe; verificare testo ed eccedenze.,,
2,Incantesimi,Incantesimo 8 · Tempo di lancio,text_315nfgh,Text,155.0,313.0,29.0,15.0,sheet.incantesimi[7].tempo,associato,,,
2,Incantesimi,Incantesimo 8 · Gittata,text_386vzjh,Text,189.0,313.0,38.0,15.0,sheet.incantesimi[7].gittata,associato,,,
2,Incantesimi,Incantesimo 8 · Note,text_402grxg,Text,308.0,313.0,81.0,15.0,sheet.incantesimi[7].note,associato,,,
2,Incantesimi,Incantesimo 8 · Concentrazione,checkbox_86vnpd,CheckBox,241.0,319.0,5.0,5.0,sheet.incantesimi[7].concentrazione,associato,Spunta booleana dell?app; componenti testuali solo nell?app.,,
2,Incantesimi,Incantesimo 8 · Rituale,checkbox_413wiu,CheckBox,262.0,319.0,5.0,5.0,sheet.incantesimi[7].rituale,associato,Spunta booleana dell?app; componenti testuali solo nell?app.,,
2,Incantesimi,Incantesimo 8 · Materiali,checkbox_418cgyp,CheckBox,284.0,319.0,5.0,5.0,sheet.incantesimi[7].materiali,associato,Spunta booleana dell?app; componenti testuali solo nell?app.,,
2,Incantesimi,Incantesimo 9 · Livello,text_207dfai,Text,18.0,332.0,19.0,15.0,sheet.incantesimi[8].livello,associato,,,
2,Incantesimi,Incantesimo 9 · Nome,text_237tduw,Text,43.0,332.0,106.0,15.0,sheet.incantesimi[8].nome,associato,Il PDF ha 30 righe; verificare testo ed eccedenze.,,
2,Incantesimi,Incantesimo 9 · Tempo di lancio,text_314mpwu,Text,155.0,332.0,29.0,15.0,sheet.incantesimi[8].tempo,associato,,,
2,Incantesimi,Incantesimo 9 · Gittata,text_385mhus,Text,189.0,332.0,38.0,15.0,sheet.incantesimi[8].gittata,associato,,,
2,Incantesimi,Incantesimo 9 · Note,text_401dzzl,Text,308.0,332.0,81.0,15.0,sheet.incantesimi[8].note,associato,,,
2,Incantesimi,Incantesimo 9 · Concentrazione,checkbox_87dncz,CheckBox,241.0,338.0,5.0,5.0,sheet.incantesimi[8].concentrazione,associato,Spunta booleana dell?app; componenti testuali solo nell?app.,,
2,Incantesimi,Incantesimo 9 · Rituale,checkbox_414zqwe,CheckBox,262.0,338.0,5.0,5.0,sheet.incantesimi[8].rituale,associato,Spunta booleana dell?app; componenti testuali solo nell?app.,,
2,Incantesimi,Incantesimo 9 · Materiali,checkbox_417gxws,CheckBox,284.0,338.0,5.0,5.0,sheet.incantesimi[8].materiali,associato,Spunta booleana dell?app; componenti testuali solo nell?app.,,
2,Personaggio,Lingue,textarea_164wynf,Text,413.0,343.0,176.0,31.0,sheet.lingue,associato,,,
2,Incantesimi,Incantesimo 10 · Livello,text_208rslf,Text,18.0,351.0,19.0,15.0,sheet.incantesimi[9].livello,associato,,,
2,Incantesimi,Incantesimo 10 · Nome,text_238owok,Text,43.0,351.0,106.0,15.0,sheet.incantesimi[9].nome,associato,Il PDF ha 30 righe; verificare testo ed eccedenze.,,
2,Incantesimi,Incantesimo 10 · Tempo di lancio,text_313zwed,Text,155.0,351.0,29.0,15.0,sheet.incantesimi[9].tempo,associato,,,
2,Incantesimi,Incantesimo 10 · Gittata,text_384ejmx,Text,189.0,351.0,38.0,15.0,sheet.incantesimi[9].gittata,associato,,,
2,Incantesimi,Incantesimo 10 · Note,text_400squh,Text,308.0,351.0,81.0,15.0,sheet.incantesimi[9].note,associato,,,
2,Incantesimi,Incantesimo 10 · Concentrazione,checkbox_88gayt,CheckBox,241.0,357.0,5.0,5.0,sheet.incantesimi[9].concentrazione,associato,Spunta booleana dell?app; componenti testuali solo nell?app.,,
2,Incantesimi,Incantesimo 10 · Rituale,checkbox_415eabs,CheckBox,262.0,357.0,5.0,5.0,sheet.incantesimi[9].rituale,associato,Spunta booleana dell?app; componenti testuali solo nell?app.,,
2,Incantesimi,Incantesimo 10 · Materiali,checkbox_416vdef,CheckBox,284.0,357.0,5.0,5.0,sheet.incantesimi[9].materiali,associato,Spunta booleana dell?app; componenti testuali solo nell?app.,,
2,Incantesimi,Incantesimo 11 · Livello,text_209gsuo,Text,18.0,370.0,19.0,15.0,sheet.incantesimi[10].livello,associato,,,
2,Incantesimi,Incantesimo 11 · Nome,text_239dclp,Text,43.0,370.0,106.0,15.0,sheet.incantesimi[10].nome,associato,Il PDF ha 30 righe; verificare testo ed eccedenze.,,
2,Incantesimi,Incantesimo 11 · Tempo di lancio,text_312vpsc,Text,155.0,370.0,29.0,15.0,sheet.incantesimi[10].tempo,associato,,,
2,Incantesimi,Incantesimo 11 · Gittata,text_377sxtf,Text,189.0,370.0,38.0,15.0,sheet.incantesimi[10].gittata,associato,,,
2,Incantesimi,Incantesimo 11 · Note,text_399ohvj,Text,308.0,370.0,81.0,15.0,sheet.incantesimi[10].note,associato,,,
2,Incantesimi,Incantesimo 11 · Concentrazione,checkbox_89xozr,CheckBox,241.0,377.0,5.0,5.0,sheet.incantesimi[10].concentrazione,associato,Spunta booleana dell?app; componenti testuali solo nell?app.,,
2,Incantesimi,Incantesimo 11 · Rituale,checkbox_364zrgd,CheckBox,262.0,377.0,5.0,5.0,sheet.incantesimi[10].rituale,associato,Spunta booleana dell?app; componenti testuali solo nell?app.,,
2,Incantesimi,Incantesimo 11 · Materiali,checkbox_365szlp,CheckBox,284.0,377.0,5.0,5.0,sheet.incantesimi[10].materiali,associato,Spunta booleana dell?app; componenti testuali solo nell?app.,,
2,Incantesimi,Incantesimo 12 · Livello,text_210otp,Text,18.0,390.0,19.0,15.0,sheet.incantesimi[11].livello,associato,,,
2,Incantesimi,Incantesimo 12 · Nome,text_240ebfa,Text,43.0,390.0,106.0,15.0,sheet.incantesimi[11].nome,associato,Il PDF ha 30 righe; verificare testo ed eccedenze.,,
2,Incantesimi,Incantesimo 12 · Tempo di lancio,text_311lial,Text,155.0,390.0,29.0,15.0,sheet.incantesimi[11].tempo,associato,,,
2,Incantesimi,Incantesimo 12 · Gittata,text_376extt,Text,189.0,390.0,38.0,15.0,sheet.incantesimi[11].gittata,associato,,,
2,Incantesimi,Incantesimo 12 · Note,text_398pdjh,Text,308.0,390.0,81.0,15.0,sheet.incantesimi[11].note,associato,,,
2,Incantesimi,Incantesimo 12 · Concentrazione,checkbox_90hbqb,CheckBox,241.0,396.0,5.0,5.0,sheet.incantesimi[11].concentrazione,associato,Spunta booleana dell?app; componenti testuali solo nell?app.,,
2,Incantesimi,Incantesimo 12 · Rituale,checkbox_362zfoz,CheckBox,262.0,396.0,5.0,5.0,sheet.incantesimi[11].rituale,associato,Spunta booleana dell?app; componenti testuali solo nell?app.,,
2,Incantesimi,Incantesimo 12 · Materiali,checkbox_363ljca,CheckBox,284.0,396.0,5.0,5.0,sheet.incantesimi[11].materiali,associato,Spunta booleana dell?app; componenti testuali solo nell?app.,,
2,Incantesimi,Incantesimo 13 · Livello,text_211izdy,Text,18.0,410.0,19.0,15.0,sheet.incantesimi[12].livello,associato,,,
2,Incantesimi,Incantesimo 13 · Nome,text_241sbi,Text,43.0,410.0,106.0,15.0,sheet.incantesimi[12].nome,associato,Il PDF ha 30 righe; verificare testo ed eccedenze.,,
2,Incantesimi,Incantesimo 13 · Tempo di lancio,text_310ngqb,Text,155.0,410.0,29.0,15.0,sheet.incantesimi[12].tempo,associato,,,
2,Incantesimi,Incantesimo 13 · Gittata,text_375knfa,Text,189.0,410.0,38.0,15.0,sheet.incantesimi[12].gittata,associato,,,
2,Incantesimi,Incantesimo 13 · Note,text_397iktr,Text,308.0,410.0,81.0,15.0,sheet.incantesimi[12].note,associato,,,
2,Equipaggiamento,Equipaggiamento,textarea_165hxzs,Text,413.0,410.0,175.0,176.0,sheet.equipaggiamento,associato,Solo nomi degli oggetti; dettaglio e provenienza solo nell?app.,,
2,Incantesimi,Incantesimo 13 · Concentrazione,checkbox_91fppy,CheckBox,241.0,416.0,5.0,5.0,sheet.incantesimi[12].concentrazione,associato,Spunta booleana dell?app; componenti testuali solo nell?app.,,
2,Incantesimi,Incantesimo 13 · Rituale,checkbox_360ewkz,CheckBox,262.0,416.0,5.0,5.0,sheet.incantesimi[12].rituale,associato,Spunta booleana dell?app; componenti testuali solo nell?app.,,
2,Incantesimi,Incantesimo 13 · Materiali,checkbox_361pglz,CheckBox,284.0,416.0,5.0,5.0,sheet.incantesimi[12].materiali,associato,Spunta booleana dell?app; componenti testuali solo nell?app.,,
2,Incantesimi,Incantesimo 14 · Livello,text_212lflu,Text,18.0,428.0,19.0,15.0,sheet.incantesimi[13].livello,associato,,,
2,Incantesimi,Incantesimo 14 · Nome,text_242kygn,Text,43.0,428.0,106.0,15.0,sheet.incantesimi[13].nome,associato,Il PDF ha 30 righe; verificare testo ed eccedenze.,,
2,Incantesimi,Incantesimo 14 · Tempo di lancio,text_309ecwe,Text,155.0,428.0,29.0,15.0,sheet.incantesimi[13].tempo,associato,,,
2,Incantesimi,Incantesimo 14 · Gittata,text_374kxdn,Text,189.0,428.0,38.0,15.0,sheet.incantesimi[13].gittata,associato,,,
2,Incantesimi,Incantesimo 14 · Note,text_396mu,Text,308.0,428.0,81.0,15.0,sheet.incantesimi[13].note,associato,,,
2,Incantesimi,Incantesimo 14 · Concentrazione,checkbox_92atms,CheckBox,241.0,435.0,5.0,5.0,sheet.incantesimi[13].concentrazione,associato,Spunta booleana dell?app; componenti testuali solo nell?app.,,
2,Incantesimi,Incantesimo 14 · Rituale,checkbox_355rgzg,CheckBox,262.0,435.0,5.0,5.0,sheet.incantesimi[13].rituale,associato,Spunta booleana dell?app; componenti testuali solo nell?app.,,
2,Incantesimi,Incantesimo 14 · Materiali,checkbox_359pjne,CheckBox,284.0,435.0,5.0,5.0,sheet.incantesimi[13].materiali,associato,Spunta booleana dell?app; componenti testuali solo nell?app.,,
2,Incantesimi,Incantesimo 15 · Livello,text_213ykgl,Text,18.0,449.0,19.0,15.0,sheet.incantesimi[14].livello,associato,,,
2,Incantesimi,Incantesimo 15 · Nome,text_243lkwq,Text,43.0,449.0,106.0,15.0,sheet.incantesimi[14].nome,associato,Il PDF ha 30 righe; verificare testo ed eccedenze.,,
2,Incantesimi,Incantesimo 15 · Tempo di lancio,text_308verl,Text,155.0,449.0,29.0,15.0,sheet.incantesimi[14].tempo,associato,,,
2,Incantesimi,Incantesimo 15 · Gittata,text_373yzcu,Text,189.0,449.0,38.0,15.0,sheet.incantesimi[14].gittata,associato,,,
2,Incantesimi,Incantesimo 15 · Note,text_395wpro,Text,308.0,449.0,81.0,15.0,sheet.incantesimi[14].note,associato,,,
2,Incantesimi,Incantesimo 15 · Concentrazione,checkbox_93nouu,CheckBox,241.0,454.0,5.0,5.0,sheet.incantesimi[14].concentrazione,associato,Spunta booleana dell?app; componenti testuali solo nell?app.,,
2,Incantesimi,Incantesimo 15 · Rituale,checkbox_352rlip,CheckBox,262.0,454.0,5.0,5.0,sheet.incantesimi[14].rituale,associato,Spunta booleana dell?app; componenti testuali solo nell?app.,,
2,Incantesimi,Incantesimo 15 · Materiali,checkbox_358jopc,CheckBox,284.0,454.0,5.0,5.0,sheet.incantesimi[14].materiali,associato,Spunta booleana dell?app; componenti testuali solo nell?app.,,
2,Incantesimi,Incantesimo 16 · Gittata,text_372mdkm,Text,189.0,467.0,38.0,15.0,sheet.incantesimi[15].gittata,associato,,,
2,Incantesimi,Incantesimo 16 · Livello,text_214ujpi,Text,18.0,468.0,19.0,15.0,sheet.incantesimi[15].livello,associato,,,
2,Incantesimi,Incantesimo 16 · Nome,text_259pzip,Text,43.0,468.0,106.0,15.0,sheet.incantesimi[15].nome,associato,Il PDF ha 30 righe; verificare testo ed eccedenze.,,
2,Incantesimi,Incantesimo 16 · Tempo di lancio,text_307xzey,Text,155.0,468.0,29.0,15.0,sheet.incantesimi[15].tempo,associato,,,
2,Incantesimi,Incantesimo 16 · Note,text_394iwuc,Text,308.0,468.0,81.0,15.0,sheet.incantesimi[15].note,associato,,,
2,Incantesimi,Incantesimo 16 · Concentrazione,checkbox_94iqqk,CheckBox,241.0,474.0,5.0,5.0,sheet.incantesimi[15].concentrazione,associato,Spunta booleana dell?app; componenti testuali solo nell?app.,,
2,Incantesimi,Incantesimo 16 · Rituale,checkbox_348wwcn,CheckBox,262.0,474.0,5.0,5.0,sheet.incantesimi[15].rituale,associato,Spunta booleana dell?app; componenti testuali solo nell?app.,,
2,Incantesimi,Incantesimo 16 · Materiali,checkbox_351bbxb,CheckBox,284.0,474.0,5.0,5.0,sheet.incantesimi[15].materiali,associato,Spunta booleana dell?app; componenti testuali solo nell?app.,,
2,Incantesimi,Incantesimo 17 · Livello,text_215skgf,Text,18.0,488.0,19.0,15.0,sheet.incantesimi[16].livello,associato,,,
2,Incantesimi,Incantesimo 17 · Nome,text_258eprw,Text,43.0,488.0,106.0,15.0,sheet.incantesimi[16].nome,associato,Il PDF ha 30 righe; verificare testo ed eccedenze.,,
2,Incantesimi,Incantesimo 17 · Tempo di lancio,text_306gxjb,Text,155.0,488.0,29.0,15.0,sheet.incantesimi[16].tempo,associato,,,
2,Incantesimi,Incantesimo 17 · Gittata,text_371fyf,Text,189.0,488.0,38.0,15.0,sheet.incantesimi[16].gittata,associato,,,
2,Incantesimi,Incantesimo 17 · Note,text_383aigb,Text,308.0,488.0,81.0,15.0,sheet.incantesimi[16].note,associato,,,
2,Incantesimi,Incantesimo 17 · Rituale,checkbox_350cykz,CheckBox,262.0,493.0,5.0,5.0,sheet.incantesimi[16].rituale,associato,Spunta booleana dell?app; componenti testuali solo nell?app.,,
2,Incantesimi,Incantesimo 17 · Materiali,checkbox_349jdwf,CheckBox,284.0,493.0,5.0,5.0,sheet.incantesimi[16].materiali,associato,Spunta booleana dell?app; componenti testuali solo nell?app.,,
2,Incantesimi,Incantesimo 17 · Concentrazione,checkbox_95xhuo,CheckBox,241.0,494.0,5.0,5.0,sheet.incantesimi[16].concentrazione,associato,Spunta booleana dell?app; componenti testuali solo nell?app.,,
2,Incantesimi,Incantesimo 18 · Livello,text_216fkzm,Text,18.0,507.0,19.0,15.0,sheet.incantesimi[17].livello,associato,,,
2,Incantesimi,Incantesimo 18 · Nome,text_257uqtc,Text,43.0,507.0,106.0,15.0,sheet.incantesimi[17].nome,associato,Il PDF ha 30 righe; verificare testo ed eccedenze.,,
2,Incantesimi,Incantesimo 18 · Tempo di lancio,text_305gjzn,Text,155.0,507.0,29.0,15.0,sheet.incantesimi[17].tempo,associato,,,
2,Incantesimi,Incantesimo 18 · Gittata,text_370jd,Text,189.0,507.0,38.0,15.0,sheet.incantesimi[17].gittata,associato,,,
2,Incantesimi,Incantesimo 18 · Note,text_382isqf,Text,308.0,507.0,81.0,15.0,sheet.incantesimi[17].note,associato,,,
2,Incantesimi,Incantesimo 18 · Concentrazione,checkbox_96wcct,CheckBox,241.0,513.0,5.0,5.0,sheet.incantesimi[17].concentrazione,associato,Spunta booleana dell?app; componenti testuali solo nell?app.,,
2,Incantesimi,Incantesimo 18 · Rituale,checkbox_344bagu,CheckBox,262.0,513.0,5.0,5.0,sheet.incantesimi[17].rituale,associato,Spunta booleana dell?app; componenti testuali solo nell?app.,,
2,Incantesimi,Incantesimo 18 · Materiali,checkbox_345xczv,CheckBox,284.0,513.0,5.0,5.0,sheet.incantesimi[17].materiali,associato,Spunta booleana dell?app; componenti testuali solo nell?app.,,
2,Incantesimi,Incantesimo 19 · Livello,text_217rrno,Text,18.0,527.0,19.0,15.0,sheet.incantesimi[18].livello,associato,,,
2,Incantesimi,Incantesimo 19 · Nome,text_256aybq,Text,43.0,527.0,106.0,15.0,sheet.incantesimi[18].nome,associato,Il PDF ha 30 righe; verificare testo ed eccedenze.,,
2,Incantesimi,Incantesimo 19 · Tempo di lancio,text_304rshf,Text,155.0,527.0,29.0,15.0,sheet.incantesimi[18].tempo,associato,,,
2,Incantesimi,Incantesimo 19 · Gittata,text_369rmfn,Text,189.0,527.0,38.0,15.0,sheet.incantesimi[18].gittata,associato,,,
2,Incantesimi,Incantesimo 19 · Note,text_381lmx,Text,308.0,527.0,81.0,15.0,sheet.incantesimi[18].note,associato,,,
2,Incantesimi,Incantesimo 19 · Concentrazione,checkbox_97tzgc,CheckBox,241.0,532.0,5.0,5.0,sheet.incantesimi[18].concentrazione,associato,Spunta booleana dell?app; componenti testuali solo nell?app.,,
2,Incantesimi,Incantesimo 19 · Rituale,checkbox_342qaol,CheckBox,262.0,532.0,5.0,5.0,sheet.incantesimi[18].rituale,associato,Spunta booleana dell?app; componenti testuali solo nell?app.,,
2,Incantesimi,Incantesimo 19 · Materiali,checkbox_343kgkz,CheckBox,284.0,532.0,5.0,5.0,sheet.incantesimi[18].materiali,associato,Spunta booleana dell?app; componenti testuali solo nell?app.,,
2,Incantesimi,Incantesimo 20 · Livello,text_218uyji,Text,18.0,546.0,19.0,15.0,sheet.incantesimi[19].livello,associato,,,
2,Incantesimi,Incantesimo 20 · Nome,text_255rvkv,Text,43.0,546.0,106.0,15.0,sheet.incantesimi[19].nome,associato,Il PDF ha 30 righe; verificare testo ed eccedenze.,,
2,Incantesimi,Incantesimo 20 · Tempo di lancio,text_303xgic,Text,155.0,546.0,29.0,15.0,sheet.incantesimi[19].tempo,associato,,,
2,Incantesimi,Incantesimo 20 · Gittata,text_368gfvg,Text,188.0,546.0,38.0,15.0,sheet.incantesimi[19].gittata,associato,,,
2,Incantesimi,Incantesimo 20 · Note,text_380ophu,Text,308.0,546.0,81.0,15.0,sheet.incantesimi[19].note,associato,,,
2,Incantesimi,Incantesimo 20 · Concentrazione,checkbox_98mjak,CheckBox,241.0,551.0,5.0,5.0,sheet.incantesimi[19].concentrazione,associato,Spunta booleana dell?app; componenti testuali solo nell?app.,,
2,Incantesimi,Incantesimo 20 · Rituale,checkbox_340phim,CheckBox,262.0,551.0,5.0,5.0,sheet.incantesimi[19].rituale,associato,Spunta booleana dell?app; componenti testuali solo nell?app.,,
2,Incantesimi,Incantesimo 20 · Materiali,checkbox_341cnfd,CheckBox,284.0,551.0,5.0,5.0,sheet.incantesimi[19].materiali,associato,Spunta booleana dell?app; componenti testuali solo nell?app.,,
2,Incantesimi,Incantesimo 21 · Livello,text_219zibd,Text,18.0,565.0,19.0,15.0,sheet.incantesimi[20].livello,associato,,,
2,Incantesimi,Incantesimo 21 · Nome,text_254cbgv,Text,43.0,565.0,106.0,15.0,sheet.incantesimi[20].nome,associato,Il PDF ha 30 righe; verificare testo ed eccedenze.,,
2,Incantesimi,Incantesimo 21 · Tempo di lancio,text_302rbdj,Text,155.0,565.0,29.0,15.0,sheet.incantesimi[20].tempo,associato,,,
2,Incantesimi,Incantesimo 21 · Gittata,text_367wevf,Text,189.0,565.0,38.0,15.0,sheet.incantesimi[20].gittata,associato,,,
2,Incantesimi,Incantesimo 21 · Note,text_379zwaw,Text,308.0,565.0,81.0,15.0,sheet.incantesimi[20].note,associato,,,
2,Incantesimi,Incantesimo 21 · Concentrazione,checkbox_99afhn,CheckBox,241.0,571.0,5.0,5.0,sheet.incantesimi[20].concentrazione,associato,Spunta booleana dell?app; componenti testuali solo nell?app.,,
2,Incantesimi,Incantesimo 21 · Materiali,checkbox_339npbw,CheckBox,284.0,571.0,5.0,5.0,sheet.incantesimi[20].materiali,associato,Spunta booleana dell?app; componenti testuali solo nell?app.,,
2,Incantesimi,Incantesimo 21 · Rituale,checkbox_338rjoo,CheckBox,262.0,572.0,5.0,5.0,sheet.incantesimi[20].rituale,associato,Spunta booleana dell?app; componenti testuali solo nell?app.,,
2,Incantesimi,Incantesimo 22 · Gittata,text_366psrq,Text,189.0,583.0,38.0,15.0,sheet.incantesimi[21].gittata,associato,,,
2,Incantesimi,Incantesimo 22 · Nome,text_253gnzb,Text,43.0,584.0,106.0,15.0,sheet.incantesimi[21].nome,associato,Il PDF ha 30 righe; verificare testo ed eccedenze.,,
2,Incantesimi,Incantesimo 22 · Tempo di lancio,text_301nnga,Text,155.0,584.0,29.0,15.0,sheet.incantesimi[21].tempo,associato,,,
2,Incantesimi,Incantesimo 22 · Livello,text_220xkca,Text,18.0,585.0,19.0,15.0,sheet.incantesimi[21].livello,associato,,,
2,Incantesimi,Incantesimo 22 · Note,text_378ctvq,Text,308.0,585.0,81.0,15.0,sheet.incantesimi[21].note,associato,,,
2,Incantesimi,Incantesimo 22 · Concentrazione,checkbox_100iflz,CheckBox,241.0,590.0,5.0,5.0,sheet.incantesimi[21].concentrazione,associato,Spunta booleana dell?app; componenti testuali solo nell?app.,,
2,Incantesimi,Incantesimo 22 · Rituale,checkbox_336jvqh,CheckBox,262.0,590.0,5.0,5.0,sheet.incantesimi[21].rituale,associato,Spunta booleana dell?app; componenti testuali solo nell?app.,,
2,Incantesimi,Incantesimo 22 · Materiali,checkbox_337yrti,CheckBox,284.0,590.0,5.0,5.0,sheet.incantesimi[21].materiali,associato,Spunta booleana dell?app; componenti testuali solo nell?app.,,
2,Equipaggiamento,Sintonia con oggetto magico,text_169kwwi,Text,429.0,599.0,156.0,11.0,,dato_mancante,Sintonia non presente nell'app.,,
2,Equipaggiamento,Sintonia con oggetto magico,checkbox_166ixqm,CheckBox,421.0,601.0,5.0,5.0,,dato_mancante,Sintonia non presente nell'app.,,
2,Incantesimi,Incantesimo 23 · Livello,text_221tdwv,Text,18.0,604.0,19.0,15.0,sheet.incantesimi[22].livello,associato,,,
2,Incantesimi,Incantesimo 23 · Nome,text_252dcov,Text,43.0,604.0,106.0,15.0,sheet.incantesimi[22].nome,associato,Il PDF ha 30 righe; verificare testo ed eccedenze.,,
2,Incantesimi,Incantesimo 23 · Tempo di lancio,text_300ztci,Text,155.0,604.0,29.0,15.0,sheet.incantesimi[22].tempo,associato,,,
2,Incantesimi,Incantesimo 23 · Gittata,text_297qvrz,Text,189.0,604.0,38.0,15.0,sheet.incantesimi[22].gittata,associato,,,
2,Incantesimi,Incantesimo 23 · Note,text_288slyn,Text,308.0,604.0,81.0,15.0,sheet.incantesimi[22].note,associato,,,
2,Incantesimi,Incantesimo 23 · Concentrazione,checkbox_266qems,CheckBox,241.0,610.0,5.0,5.0,sheet.incantesimi[22].concentrazione,associato,Spunta booleana dell?app; componenti testuali solo nell?app.,,
2,Incantesimi,Incantesimo 23 · Rituale,checkbox_333ttsr,CheckBox,262.0,610.0,5.0,5.0,sheet.incantesimi[22].rituale,associato,Spunta booleana dell?app; componenti testuali solo nell?app.,,
2,Incantesimi,Incantesimo 23 · Materiali,checkbox_335bzu,CheckBox,284.0,610.0,5.0,5.0,sheet.incantesimi[22].materiali,associato,Spunta booleana dell?app; componenti testuali solo nell?app.,,
2,Equipaggiamento,Sintonia con oggetto magico,text_170wybo,Text,429.0,619.0,156.0,11.0,,dato_mancante,Sintonia non presente nell'app.,,
2,Equipaggiamento,Sintonia con oggetto magico,checkbox_167zrcm,CheckBox,421.0,620.0,5.0,5.0,,dato_mancante,Sintonia non presente nell'app.,,
2,Incantesimi,Incantesimo 24 · Nome,text_251qgwj,Text,43.0,623.0,106.0,15.0,sheet.incantesimi[23].nome,associato,Il PDF ha 30 righe; verificare testo ed eccedenze.,,
2,Incantesimi,Incantesimo 24 · Gittata,text_296zxhl,Text,189.0,623.0,38.0,15.0,sheet.incantesimi[23].gittata,associato,,,
2,Incantesimi,Incantesimo 24 · Livello,text_222gsbu,Text,18.0,624.0,19.0,15.0,sheet.incantesimi[23].livello,associato,,,
2,Incantesimi,Incantesimo 24 · Tempo di lancio,text_299llhr,Text,155.0,624.0,29.0,15.0,sheet.incantesimi[23].tempo,associato,,,
2,Incantesimi,Incantesimo 24 · Note,text_287mnko,Text,308.0,624.0,81.0,15.0,sheet.incantesimi[23].note,associato,,,
2,Incantesimi,Incantesimo 24 · Concentrazione,checkbox_267ljjl,CheckBox,241.0,629.0,5.0,5.0,sheet.incantesimi[23].concentrazione,associato,Spunta booleana dell?app; componenti testuali solo nell?app.,,
2,Incantesimi,Incantesimo 24 · Rituale,checkbox_332ioxf,CheckBox,262.0,629.0,5.0,5.0,sheet.incantesimi[23].rituale,associato,Spunta booleana dell?app; componenti testuali solo nell?app.,,
2,Incantesimi,Incantesimo 24 · Materiali,checkbox_334swbt,CheckBox,284.0,629.0,5.0,5.0,sheet.incantesimi[23].materiali,associato,Spunta booleana dell?app; componenti testuali solo nell?app.,,
2,Equipaggiamento,Sintonia con oggetto magico,text_171wqyn,Text,429.0,638.0,156.0,11.0,,dato_mancante,Sintonia non presente nell'app.,,
2,Equipaggiamento,Sintonia con oggetto magico,checkbox_168uloa,CheckBox,421.0,640.0,5.0,5.0,,dato_mancante,Sintonia non presente nell'app.,,
2,Incantesimi,Incantesimo 25 · Livello,text_223rahj,Text,18.0,643.0,19.0,15.0,sheet.incantesimi[24].livello,associato,,,
2,Incantesimi,Incantesimo 25 · Nome,text_250raji,Text,43.0,643.0,106.0,15.0,sheet.incantesimi[24].nome,associato,Il PDF ha 30 righe; verificare testo ed eccedenze.,,
2,Incantesimi,Incantesimo 25 · Tempo di lancio,text_298uxtf,Text,155.0,643.0,29.0,15.0,sheet.incantesimi[24].tempo,associato,,,
2,Incantesimi,Incantesimo 25 · Gittata,text_295efeq,Text,189.0,643.0,38.0,15.0,sheet.incantesimi[24].gittata,associato,,,
2,Incantesimi,Incantesimo 25 · Note,text_286dwkc,Text,308.0,643.0,81.0,15.0,sheet.incantesimi[24].note,associato,,,
2,Incantesimi,Incantesimo 25 · Concentrazione,checkbox_268xkbf,CheckBox,241.0,649.0,5.0,5.0,sheet.incantesimi[24].concentrazione,associato,Spunta booleana dell?app; componenti testuali solo nell?app.,,
2,Incantesimi,Incantesimo 25 · Rituale,checkbox_331hjsu,CheckBox,262.0,649.0,5.0,5.0,sheet.incantesimi[24].rituale,associato,Spunta booleana dell?app; componenti testuali solo nell?app.,,
2,Incantesimi,Incantesimo 25 · Materiali,checkbox_330cofq,CheckBox,284.0,650.0,5.0,5.0,sheet.incantesimi[24].materiali,associato,Spunta booleana dell?app; componenti testuali solo nell?app.,,
2,Incantesimi,Incantesimo 26 · Livello,text_224jjbz,Text,18.0,662.0,19.0,15.0,sheet.incantesimi[25].livello,associato,,,
2,Incantesimi,Incantesimo 26 · Nome,text_249nlmf,Text,43.0,662.0,106.0,15.0,sheet.incantesimi[25].nome,associato,Il PDF ha 30 righe; verificare testo ed eccedenze.,,
2,Incantesimi,Incantesimo 26 · Gittata,text_294tavc,Text,189.0,662.0,38.0,15.0,sheet.incantesimi[25].gittata,associato,,,
2,Incantesimi,Incantesimo 26 · Note,text_285cezr,Text,308.0,662.0,81.0,15.0,sheet.incantesimi[25].note,associato,,,
2,Incantesimi,Incantesimo 26 · Tempo di lancio,text_291bfco,Text,155.0,663.0,29.0,15.0,sheet.incantesimi[25].tempo,associato,,,
2,Incantesimi,Incantesimo 26 · Concentrazione,checkbox_269ixvq,CheckBox,241.0,669.0,5.0,5.0,sheet.incantesimi[25].concentrazione,associato,Spunta booleana dell?app; componenti testuali solo nell?app.,,
2,Incantesimi,Incantesimo 26 · Rituale,checkbox_328jnuc,CheckBox,262.0,669.0,5.0,5.0,sheet.incantesimi[25].rituale,associato,Spunta booleana dell?app; componenti testuali solo nell?app.,,
2,Incantesimi,Incantesimo 26 · Materiali,checkbox_329flyz,CheckBox,284.0,669.0,5.0,5.0,sheet.incantesimi[25].materiali,associato,Spunta booleana dell?app; componenti testuali solo nell?app.,,
2,Incantesimi,Incantesimo 27 · Livello,text_225tbyq,Text,18.0,681.0,19.0,15.0,sheet.incantesimi[26].livello,associato,,,
2,Incantesimi,Incantesimo 27 · Tempo di lancio,text_290dmfo,Text,155.0,681.0,29.0,15.0,sheet.incantesimi[26].tempo,associato,,,
2,Incantesimi,Incantesimo 27 · Nome,text_247acfw,Text,43.0,682.0,106.0,15.0,sheet.incantesimi[26].nome,associato,Il PDF ha 30 righe; verificare testo ed eccedenze.,,
2,Incantesimi,Incantesimo 27 · Gittata,text_293nzap,Text,189.0,682.0,38.0,15.0,sheet.incantesimi[26].gittata,associato,,,
2,Incantesimi,Incantesimo 27 · Note,text_284koey,Text,308.0,682.0,81.0,15.0,sheet.incantesimi[26].note,associato,,,
2,Incantesimi,Incantesimo 27 · Concentrazione,checkbox_270gzpn,CheckBox,241.0,688.0,5.0,5.0,sheet.incantesimi[26].concentrazione,associato,Spunta booleana dell?app; componenti testuali solo nell?app.,,
2,Incantesimi,Incantesimo 27 · Rituale,checkbox_281frhl,CheckBox,262.0,688.0,5.0,5.0,sheet.incantesimi[26].rituale,associato,Spunta booleana dell?app; componenti testuali solo nell?app.,,
2,Incantesimi,Incantesimo 27 · Materiali,checkbox_282xmwt,CheckBox,284.0,688.0,5.0,5.0,sheet.incantesimi[26].materiali,associato,Spunta booleana dell?app; componenti testuali solo nell?app.,,
2,Incantesimi,Incantesimo 28 · Livello,text_226jdsf,Text,18.0,701.0,19.0,15.0,sheet.incantesimi[27].livello,associato,,,
2,Incantesimi,Incantesimo 28 · Nome,text_246lign,Text,43.0,701.0,106.0,15.0,sheet.incantesimi[27].nome,associato,Il PDF ha 30 righe; verificare testo ed eccedenze.,,
2,Incantesimi,Incantesimo 28 · Tempo di lancio,text_289dlig,Text,155.0,701.0,29.0,15.0,sheet.incantesimi[27].tempo,associato,,,
2,Incantesimi,Incantesimo 28 · Gittata,text_292lwf,Text,189.0,701.0,38.0,15.0,sheet.incantesimi[27].gittata,associato,,,
2,Incantesimi,Incantesimo 28 · Note,text_283jejx,Text,308.0,701.0,81.0,15.0,sheet.incantesimi[27].note,associato,,,
2,Monete,Rame,text_172arsc,Text,415.0,706.0,28.0,15.0,sheet.monete.rame,associato,,,
2,Monete,Argento,text_173okma,Text,451.0,706.0,28.0,15.0,sheet.monete.argento,associato,,,
2,Monete,Electrum,text_174yyak,Text,486.0,706.0,28.0,15.0,sheet.monete.electrum,associato,,,
2,Monete,Oro,text_175whhl,Text,521.0,706.0,28.0,15.0,sheet.monete.oro,associato,,,
2,Monete,Platino,text_176prwi,Text,556.0,706.0,28.0,15.0,sheet.monete.platino,associato,,,
2,Incantesimi,Incantesimo 28 · Concentrazione,checkbox_271hhiu,CheckBox,241.0,707.0,5.0,5.0,sheet.incantesimi[27].concentrazione,associato,Spunta booleana dell?app; componenti testuali solo nell?app.,,
2,Incantesimi,Incantesimo 28 · Rituale,checkbox_279ur,CheckBox,262.0,707.0,5.0,5.0,sheet.incantesimi[27].rituale,associato,Spunta booleana dell?app; componenti testuali solo nell?app.,,
2,Incantesimi,Incantesimo 28 · Materiali,checkbox_280zcys,CheckBox,284.0,707.0,5.0,5.0,sheet.incantesimi[27].materiali,associato,Spunta booleana dell?app; componenti testuali solo nell?app.,,
2,Incantesimi,Incantesimo 29 · Livello,text_227obek,Text,18.0,721.0,19.0,15.0,sheet.incantesimi[28].livello,associato,,,
2,Incantesimi,Incantesimo 29 · Nome,text_245kmab,Text,43.0,721.0,106.0,15.0,sheet.incantesimi[28].nome,associato,Il PDF ha 30 righe; verificare testo ed eccedenze.,,
2,Incantesimi,Incantesimo 29 · Tempo di lancio,text_263qgli,Text,155.0,721.0,29.0,15.0,sheet.incantesimi[28].tempo,associato,,,
2,Incantesimi,Incantesimo 29 · Gittata,text_264ijga,Text,189.0,721.0,38.0,15.0,sheet.incantesimi[28].gittata,associato,,,
2,Incantesimi,Incantesimo 29 · Note,text_265lkea,Text,308.0,721.0,81.0,15.0,sheet.incantesimi[28].note,associato,,,
2,Incantesimi,Incantesimo 29 · Concentrazione,checkbox_272ohiv,CheckBox,241.0,726.0,5.0,5.0,sheet.incantesimi[28].concentrazione,associato,Spunta booleana dell?app; componenti testuali solo nell?app.,,
2,Incantesimi,Incantesimo 29 · Rituale,checkbox_276fzta,CheckBox,262.0,726.0,5.0,5.0,sheet.incantesimi[28].rituale,associato,Spunta booleana dell?app; componenti testuali solo nell?app.,,
2,Incantesimi,Incantesimo 29 · Materiali,checkbox_278zbom,CheckBox,284.0,726.0,5.0,5.0,sheet.incantesimi[28].materiali,associato,Spunta booleana dell?app; componenti testuali solo nell?app.,,
2,Incantesimi,Incantesimo 30 · Livello,text_228btxl,Text,18.0,740.0,19.0,15.0,sheet.incantesimi[29].livello,associato,,,
2,Incantesimi,Incantesimo 30 · Nome,text_244emrf,Text,43.0,740.0,106.0,15.0,sheet.incantesimi[29].nome,associato,Il PDF ha 30 righe; verificare testo ed eccedenze.,,
2,Incantesimi,Incantesimo 30 · Tempo di lancio,text_260yaal,Text,155.0,740.0,29.0,15.0,sheet.incantesimi[29].tempo,associato,,,
2,Incantesimi,Incantesimo 30 · Gittata,text_261jlpf,Text,189.0,740.0,38.0,15.0,sheet.incantesimi[29].gittata,associato,,,
2,Incantesimi,Incantesimo 30 · Note,text_262llyv,Text,308.0,740.0,81.0,15.0,sheet.incantesimi[29].note,associato,,,
2,Incantesimi,Incantesimo 30 · Concentrazione,checkbox_273nzsb,CheckBox,241.0,747.0,5.0,5.0,sheet.incantesimi[29].concentrazione,associato,Spunta booleana dell?app; componenti testuali solo nell?app.,,
2,Incantesimi,Incantesimo 30 · Rituale,checkbox_274pkgx,CheckBox,262.0,747.0,5.0,5.0,sheet.incantesimi[29].rituale,associato,Spunta booleana dell?app; componenti testuali solo nell?app.,,
2,Incantesimi,Incantesimo 30 · Materiali,checkbox_275fzxm,CheckBox,284.0,747.0,5.0,5.0,sheet.incantesimi[29].materiali,associato,Spunta booleana dell?app; componenti testuali solo nell?app.,,
